-0.4728116696147146,-0.003065661636414754,-1.0677154116085275,1.279038056805671,-0.5130818330058652
-0.4331615191218701,-0.19574609743736357,0.9021510510290003,-1.065545837586638,-0.6296614022511002
-0.47310413483016756,-0.2056634728094721,-0.7745592411252654,0.7673561450964486,-0.6296614022511002
-0.47560651100516566,1.1218480591426612,-0.31694960915139336,2.6164159947088046,-0.7462409714963353
-0.4674518926448907,-0.4365966421885521,0.5625189022983921,-0.7822993978534911,-0.8628205407415703
-0.4586357085833506,0.22928427565296683,1.027278684771856,-0.6683719229480153,-0.5130818330058652
-0.3018008458004556,-0.8488761040861721,0.9200264272779797,0.202459701584244,-0.6296614022511002
-0.4643035906197212,0.14711173685550316,0.5625189022983921,-0.5651357312502295,-0.5130818330058652
-0.1167673314955511,-0.6122758630658883,1.034428835271448,-0.6897544893633955,-0.5130818330058652
-0.46510747896593935,1.2266888845049424,-1.5038745920836245,1.2893907020837057,-0.5130818330058652
-0.3830139005749087,3.3886767156244253,0.662621009292677,-0.9740652197326021,-0.5130818330058652
-0.4738892553550732,0.7959914397734069,-1.4395232375872986,1.2824244361022243,-0.5130818330058652
-0.46198732867273856,-0.5329368600890265,-1.7469797090697439,3.275695666900662,-0.6296614022511002
1.9123625892571066,0.4772186599556595,0.8914258252796128,-1.1947120193266045,1.7019299826536012
0.09661028494653477,-1.3461616406018588,0.9951030075236934,-0.827676880427307,1.7019299826536012
-0.46134609477789534,-0.5116853414345104,0.9093012015285922,-0.44757999281273214,-0.5130818330058652
-0.46378121959319035,-0.037068091483641236,-0.8353355203717955,0.33288368134864466,-0.5130818330058652
-0.38820633113802977,2.8120521761318766,-0.04881896541670264,-0.6738385066695943,-0.5130818330058652
-0.4696180120213734,0.9461688382653248,-0.35627543689914803,-0.4767512316101851,-0.7462409714963353
-0.38868334659638876,2.8687228925439197,0.17641077532043747,0.011564662952818388,-0.16334312527015993
3.4002911027620555,-1.3645796234357732,0.9879528570241015,-1.0215712835785373,1.7019299826536012
-0.2615782767575803,-0.5131021093448107,0.48744232205267884,0.08490396314674689,-0.6296614022511002
-0.45668072719663333,0.08902425253315745,-1.2893700770958718,0.06332788934299202,-0.6296614022511002
-0.3595416120534268,-1.0656415943622415,-0.19897212590812954,-0.8843261683739365,-0.5130818330058652
1.0092597196556292,0.5891433248694462,0.9200264272779797,-0.6377977555848472,1.7019299826536012
-0.21956807273469073,-0.26941802877302157,1.034428835271448,-1.0625948499139273,-0.5130818330058652
-0.27949059821523836,-0.08807173625448034,0.8664002985310415,-0.9753230177570362,-0.5130818330058652
-0.4752374105193534,0.6911506144111256,-2.090186933050148,1.1635141459461056,-0.9794001099868055
-0.32917684115493456,-0.3756756220456045,0.7305474390387984,0.3090822725785835,-0.6296614022511002
1.9573584408537905,-0.5471045391920373,0.09418404457513242,-0.4383400150178507,1.7019299826536012
-0.4676896183815155,0.46730128458355225,0.5982696547963507,-0.19031191996885924,-0.5130818330058652
-0.09555500145711424,0.1272769861112874,0.9593522550257346,-0.7508060703955443,-0.5130818330058652
-0.44273467197634714,0.019602624928402902,-0.5672048766371047,0.26143107819136724,-0.6296614022511002
-0.4615181331399265,0.6826500069493187,0.7484228152877777,-0.6896577356692083,-0.9794001099868055
-0.46907530918842066,0.727986580078954,-1.457398613836278,0.507137084579865,-0.6296614022511002
-0.4564007738620554,-0.08240466461327654,0.5660939775481882,-0.7537086812211616,-0.3965022637606301
0.25154021386621245,-0.4762661436769824,0.6983717617906358,-0.5969193197907381,1.7019299826536012
-0.2828797539472514,-1.0514739152592294,1.0630294372698148,-0.008027960120097941,-0.6296614022511002
-0.4743866026198541,0.1541955764070085,0.3766149893090069,0.5575941360985112,-0.8628205407415703
-0.4587060879132724,0.11452607491857698,-2.1652635132958618,1.5582208413829537,-0.3965022637606301
-0.47329806898372995,-0.6278603100792006,-0.7888595421244492,0.6853090124256684,-0.5130818330058652
-0.4579162754330386,-0.6533621324646202,1.0129783837726727,-0.8260804444732176,-0.5130818330058652
-0.4644756289817523,0.9050825688665918,-1.6754782040738263,1.2893907020837057,-0.5130818330058652
-0.43652721507724257,-0.06540344968966268,0.5160429240510458,-0.2668924689180603,-0.6296614022511002
-0.36131829913767544,-0.5499380750126391,0.9200264272779797,0.28305552884221585,-0.6296614022511002
-0.42091551571547337,0.3610436913109693,0.6769213102918602,-0.10265307303521919,-0.6296614022511002
-0.4763103043043838,2.2821809776792636,-1.5575007208305627,1.001645215570852,-0.9794001099868055
7.518905129638107,-0.7865383160329242,1.1309558670159365,-1.1617673864558489,1.7019299826536012
-0.4622844858435196,1.352781228521741,-0.6923325103799604,0.47056418817708817,-0.6296614022511002
-0.47208441653885586,0.18394770252333154,-0.52787904888935,-0.07188539828367661,-0.6296614022511002
0.5719835589407003,0.6188954509857691,0.8664002985310415,-0.7212478168213424,1.7019299826536012
0.8039006548693032,-0.5329368600890265,0.42666604280614884,-0.5008429014628082,1.7019299826536012
-0.22394097510049987,-1.832113033835137,1.1309558670159365,-1.1489958988231332,-0.6296614022511002
-0.47398935040207313,0.16694648759971767,-0.34555021114976026,1.0873689886207472,-0.7462409714963353
-0.34958841081737196,1.4377873031398067,0.9343267282771633,-0.8396743385065247,-0.5130818330058652
-0.4727647500614335,1.3626986038938484,-1.0748655621081193,1.6905315181840055,-0.8628205407415703
1.057721362254686,0.6826500069493187,1.0880549640183859,-1.1883746523573402,1.7019299826536012
-0.4188917189839436,2.4479428231844915,0.6483207082934933,-0.2896779638991554,-0.16334312527015993
-0.4609394586494581,0.8285771017103332,-0.502853522140779,1.2198731728101733,-0.3965022637606301
-0.47152607385480944,-0.6009417197834794,-0.44207724289424905,-0.3397963774881461,-0.5130818330058652
-0.471679344395528,0.43471562264662605,0.07273359307635736,0.7673561450964486,-0.6296614022511002
1.5662683244037792,-0.8488761040861721,-0.4170517161456778,-0.479315204506147,1.7019299826536012
-0.4568246138266957,-0.2056634728094721,0.7734483420363489,-0.6741287677521562,-0.5130818330058652
-0.11887871139320573,0.009685249556295648,0.9915279322738972,-0.8294184469226773,-0.5130818330058652
-0.4209561793283171,2.7582149955404343,-2.1438130617970863,2.4634484041987776,-0.279922694515395
-0.29853055293675496,-0.8658773190097859,0.9522021045261427,-0.013204282759115282,-0.6296614022511002
-0.4676755425155311,-0.4139283556237344,-0.756683864876286,-0.12558369855759527,-0.5130818330058652
1.0722758076825185,-0.6519453645543186,0.33728916156125194,-1.1194860220960248,1.7019299826536012
-0.45330408334549527,-0.10223941535749105,-1.861382117063212,0.29727832188774017,-0.7462409714963353
0.6240173435295665,-0.2963366190687427,0.5982696547963507,-0.8672491413498885,1.7019299826536012
0.8846288742598503,0.22503397192206337,1.0880549640183859,-1.0104929855940983,1.7019299826536012
-0.4700324680753575,1.308861423302406,-0.9747634551138346,0.1003845542167054,-0.279922694515395
0.12141821675142193,-0.08665496834417875,0.8127741697841033,-0.7348417108546496,1.7019299826536012
-0.44873411885590503,-1.0018870383986906,0.06558344257676552,2.002997573561699,-0.279922694515395
-0.10665303979323075,-0.6250267742585974,-0.9461628531154677,-0.04377845012228319,1.7019299826536012
0.9581784019983719,-1.0996440242094678,1.1309558670159365,-1.0807845444211286,1.7019299826536012
0.41768704399031903,1.0609270389997134,0.308688559562885,-0.19539148891368935,1.7019299826536012
0.6983989113462751,0.14852850476580348,1.0701795877694067,-0.7882981268931001,1.7019299826536012
-0.46411434842148697,-0.49751766233149847,0.8771255242804296,-0.8357558138919416,-0.8628205407415703
-0.47025611794599786,0.33554186892554977,-0.6208310053840429,1.0381213582794417,-0.6296614022511002
-0.3962467785853204,3.418428841740747,0.5231930745506376,-0.44511277361095747,-0.16334312527015993
-0.4456202245031418,-0.9650510727308623,1.1309558670159365,1.0969959811923775,-0.5130818330058652
-0.4663242593810321,1.184185847195909,-1.453823538586482,0.6299658993505669,-0.6296614022511002
2.150682640223486,-1.4665869129774525,1.0630294372698148,-1.1554300194865847,1.7019299826536012
-0.4669232656779223,1.5695467187978092,0.12635972182329552,-0.346036990763223,-0.279922694515395
-0.41416222801319724,1.2054373658504263,0.4123657418069656,-0.2896779638991554,-0.16334312527015993
-0.4678851165201872,-0.23824913474639697,-0.2204225774069046,-0.5885501252435418,-0.7462409714963353
-0.4506640764808723,-0.9097971242291197,-1.4144977108387276,-0.4914577931266458,-0.3965022637606301
-0.32598631153181196,-0.7865383160329242,1.0737546630192027,-0.7104114030723714,-0.6296614022511002
-0.3024624115017207,-1.8420304092072455,0.7019468370404314,-1.0663682439872297,-0.5130818330058652
-0.4690721812182019,1.8883194986155567,-0.6673069836313892,0.6760206577836936,-0.5130818330058652
1.1903957830679743,0.2080327569984495,0.945051954026551,-0.8836488925146258,1.7019299826536012
4.00306660376581,-1.6394325980341868,1.1309558670159365,-1.0764306281827027,1.7019299826536012
-0.437729919626351,-0.40967805189283096,0.7877486430355326,-0.47433238925550414,-0.6296614022511002
-0.4730619072322145,2.1362538829182505,-0.13819584666159954,0.4258156046154893,-0.5130818330058652
-0.19185894855191518,2.1107520605328296,1.0666045125196109,-0.8581059172491942,-0.5130818330058652
-0.47133213970124704,0.14852850476580348,-0.08099464266486572,-0.34937499321268295,-0.8628205407415703
-0.46556729058809526,1.2366062598770498,-1.053415110609344,0.3638932403356552,-0.5130818330058652
-0.4705438912061226,-0.4210121951752398,-0.8317604451219995,0.29640753864005487,-0.7462409714963353
-0.4409611128623173,-0.32467197727476416,-0.8818114986191418,0.7747094258546788,-0.5130818330058652
-0.3577633609840688,0.2590364017692899,0.9307516530273677,0.30971117159080036,-0.6296614022511002
-0.4658347320417982,-0.4295128026370455,-0.9318625521162842,0.8167005291319415,-0.6296614022511002
-0.24108537986945544,2.922560073135362,0.9128762767783883,-0.7994248017246328,-0.5130818330058652
-0.34540005869446894,-0.4918505906902947,0.744847740037982,0.095692000048624,-0.6296614022511002
-0.4374265065151325,-0.11782386237080335,0.8163492450338996,-0.6140931005089733,-0.5130818330058652
0.9652601265736165,-0.13624184520471755,1.1309558670159365,-1.279758516517189,1.7019299826536012
0.6196647729701793,-0.43376310636794896,0.9629273302755303,-0.9384598602716976,1.7019299826536012
-0.4639907935978464,-0.5995249518731779,-1.049840035359548,0.7916413223374461,-0.5130818330058652
-0.021348599972655743,-0.29917015488934456,0.8807005995302253,-0.7406953093529778,-0.5130818330058652
-0.4567151348690396,0.24770225848688102,-1.979359600306476,1.7329580130851105,-0.279922694515395
0.7713541247432344,-1.1223123107742856,1.1309558670159365,-1.103666793096411,1.7019299826536012
0.9819306438544316,0.0961080920846628,0.9736525560249178,-0.893179131392069,1.7019299826536012
-0.38251968128034664,0.43329885473632573,0.44454141905512823,-0.26239342213835354,-0.16334312527015993
-0.386374904574953,0.08477394880225397,1.0558792867702234,-0.7194094966317848,-0.6296614022511002
-0.4451744887469703,0.17828063088212648,-2.1259376855481067,1.7329580130851105,-0.279922694515395
-0.45188242088107455,-0.6746136511191362,0.8413747717824708,-0.7757201466487589,-0.5130818330058652
-0.4711210017114816,-0.2892527795172373,-1.3000953028452593,2.6151581966843707,-0.9794001099868055
-0.47660746147516486,1.3272794061363202,-1.661177903074643,2.361808648455081,-0.5130818330058652
1.870979543263076,-1.4283341793993227,1.034428835271448,-0.8290798089930221,1.7019299826536012
-0.4731807701005269,0.7775734569394928,-1.4466733880868903,0.6299658993505669,-0.6296614022511002
-0.45244545552044907,0.1612794159585139,-0.5743550271366966,0.35117012955003307,-0.5130818330058652
0.41152337867427685,-0.2807521720554304,0.40879066655716945,-0.12993761479602106,1.7019299826536012
0.04074942879503088,-1.2880741562795144,1.1309558670159365,-1.205983824699418,-0.5130818330058652
0.1117434048648356,-0.5102685735242088,0.5839693537971676,-0.45619107159539646,1.7019299826536012
-0.4366836135881799,-0.7341179033517835,0.07988374357594871,-0.445935180011549,-0.3965022637606301
-0.469603936155389,-0.6151093988864902,-1.6790532793236224,1.2981952882547447,-0.6296614022511002
-0.38113399047344143,0.8030752793249123,0.33371408631145627,-0.26239342213835354,-0.16334312527015993
-0.45540764331760303,0.5877265569591459,0.4123657418069656,-0.5015201773221187,-0.5130818330058652
-0.4581430532738978,-0.2623341892215162,0.601844730046147,-0.8185820331737065,-0.5130818330058652
-0.4349335142507907,-0.5471045391920373,-0.9211373263668964,-0.693140868659949,-0.3965022637606301
0.9900227028103317,-0.9707181443720673,0.9128762767783883,-0.9662281705034357,1.7019299826536012
1.8950336342452447,-0.22691499146398816,1.1309558670159365,-0.919302628822624,1.7019299826536012
-0.39467184558018104,-0.469182304125477,-0.009493137668948196,-0.06917629484643396,-0.16334312527015993
6.016447194467075,-1.1067278637609732,0.6089948805457388,-1.067722795705851,1.7019299826536012
-0.43425318072821306,-0.8559599436376775,0.21216152781839626,0.4385870922482049,-0.5130818330058652
-0.4499790510029666,-1.2724897092662022,1.0701795877694067,-0.9961250620072931,-0.6296614022511002
-0.4627787051380818,-0.04698546685574849,0.2193116783179881,0.11499436203897864,-0.5130818330058652
1.2586324533899533,-1.992207807699162,1.1309558670159365,-1.2772912973154145,1.7019299826536012
-0.43900143952027193,-0.860210247368581,0.33371408631145627,0.06313438195461757,-0.6296614022511002
2.3156674294113277,-0.12632446983261028,1.1309558670159365,-1.1747807583240328,1.7019299826536012
-0.45957097167875605,0.443216230108433,-0.37772588839792337,-0.15446467627248656,-0.8628205407415703
-0.4737312928590265,0.9390849987138182,-1.8971328695611709,1.857141379574434,-0.7462409714963353
-0.43812717184413197,-0.8772114622921948,0.9879528570241015,-0.9802090793134919,-0.6296614022511002
-0.4755157998688219,2.439442215722687,-1.3036703780950554,0.6305947983627842,-0.6296614022511002
1.0735739153232986,-0.08665496834417875,1.0094033085228766,-0.7820091367709294,1.7019299826536012
0.39421319148372774,0.1754470950615246,0.6983717617906358,-0.7250212108946448,1.7019299826536012
-0.14252929421715627,-0.8545431757273771,1.0773297382689984,-1.0600792538650592,-0.5130818330058652
-0.4765308262048056,-0.6009417197834794,-0.7423835638771026,1.6957078408230228,-0.7462409714963353
-0.47136029143321573,1.1260983628735646,-1.135641841354649,1.6905315181840055,-0.8628205407415703
-0.2667816552164669,-0.34025642428807645,1.1309558670159365,0.1744011302699443,-0.6296614022511002
-0.47694371827368026,0.19953214953664383,-1.3036703780950554,1.6897091117834138,-0.9794001099868055
-0.4726036595951679,-0.14615922057682604,-1.3251208295938306,1.694498419645682,-0.3965022637606301
-0.4311955898393873,-0.00023212581581160354,-1.4109226355889315,0.7747094258546788,-0.5130818330058652
-0.3801643197056297,-0.5145188772551124,-0.2347228784060883,0.4320078410434724,-0.6296614022511002
1.2668120955119782,0.44888330174963675,0.9379018035269591,-0.8174693656905533,1.7019299826536012
-0.3914218845229023,0.0323535361211133,1.0666045125196109,-0.82424212428366,-0.6296614022511002
-0.40429504595815796,-0.2821689399657307,-0.3419751358999646,0.09066080795088761,-0.6296614022511002
-0.47766940736442964,0.37237783459337814,-0.11317031991302831,0.13328081024036703,-0.9794001099868055
0.3348912362851795,-0.2623341892215162,0.5374933755498214,-0.5281758200707035,1.7019299826536012
1.6107949804676511,-0.6023584876937811,0.9414768787767552,-0.9832084438332965,1.7019299826536012
-0.42697595801429683,-0.3204216735438607,-0.24544810415547583,-0.07865815687678357,-0.16334312527015993
-0.42265310317198757,0.9050825688665918,0.7198222132894108,-0.4609320026105714,-0.16334312527015993
-0.42934070349967,2.7681323709125416,0.35516453781023133,-0.44511277361095747,-0.16334312527015993
-0.458432390519132,0.5183049293543913,-1.3322709800934223,1.0381213582794417,-0.6296614022511002
-0.4320213739771367,1.9464069829379023,-1.8363565903146408,-0.21256526963192449,-0.16334312527015993
-0.34083165818998806,-0.9565504652690566,0.9414768787767552,-0.8875190402821154,-0.6296614022511002
-0.4698307139962482,0.6316463621784796,-1.2679196255970966,0.12728208120075835,-0.6296614022511002
-0.47310882678549565,-0.617942934707092,-1.7612800100689274,2.6151581966843707,-0.9794001099868055
0.8733697454574684,-0.1688275071416437,0.8664002985310415,-0.978806150747777,1.7019299826536012
-0.4625050077439414,-0.545687771281737,-0.756683864876286,1.508150804641057,-0.16334312527015993
0.5212166022904268,-0.21274731236097744,1.038003910521244,-0.7781389890034398,1.7019299826536012
3.336496150150698,-2.3520668569156413,1.1309558670159365,-1.1355471353311068,1.7019299826536012
0.5621617324538328,0.0068517137356937565,0.5231930745506376,-0.52251572896075,1.7019299826536012
0.09589867172176969,-0.00023212581581160354,-0.5886553281358801,0.08572636954733824,1.7019299826536012
-0.4724629009353243,-0.3898433011486152,-1.2107184216003626,1.050167193205753,-0.5130818330058652
-0.2872917559407949,0.893748425584183,1.038003910521244,-0.9371536854001699,-0.5130818330058652
-0.2575338112647396,-0.2595006534009143,0.9879528570241015,-0.9990276728329102,-0.5130818330058652
0.8964166300292007,-1.0585577548107348,0.07988374357594871,-0.8470759961118488,1.7019299826536012
1.7478626354531706,0.04368767940352213,1.1309558670159365,-1.0838322857880267,1.7019299826536012
-0.11409448094363127,-1.5955127928148531,0.9093012015285922,-1.1053599827446876,-0.5130818330058652
-0.47074564528523183,0.1088590032773732,-0.7280832628779191,0.4667907941037856,-0.7462409714963353
-0.4439561443467681,1.9534908224894076,-0.592230403385676,0.26704279245422746,-0.7462409714963353
0.5291819784524676,0.1598626480482123,0.23003690406737562,-0.7808480924406825,1.7019299826536012
-0.4707081096426069,0.005434945825392181,-1.0820157126077108,1.279038056805671,-0.5130818330058652
-0.42888089187751405,-0.5641057541156511,0.5303432250502295,0.0890643719967982,-0.6296614022511002
-0.28590137317856157,-0.24108267056699886,0.834224621282879,0.07856659617748257,-0.6296614022511002
-0.46206083597287917,-0.30767076235115154,-0.11674539516282449,1.2198731728101733,-0.3965022637606301
-0.4512802866139656,-0.4904338227799931,-1.364446657341585,0.01587020234415066,-0.5130818330058652
-0.45732196109147655,-0.596691416052576,-1.6468776020754594,0.06332788934299202,-0.6296614022511002
-0.47544385655379073,0.10035839581556627,-1.167817518602812,2.5993389676847567,-0.8628205407415703
-0.47017322673520107,0.004018177915091864,0.17998585057023367,-0.24043033355784996,-0.5130818330058652
-0.42355395859498696,0.20094891744694415,1.0737546630192027,-0.9504573183509154,-0.6296614022511002
-0.46784914486267165,0.6047277718827585,-1.34299620584281,1.2893907020837057,-0.5130818330058652
0.8113311481239379,1.5312939852196792,1.1059303402673653,-0.6587933072234784,1.7019299826536012
2.001869457066569,-0.5896075765010707,0.9665024055253265,-0.9215279637889305,1.7019299826536012
0.24810883053624633,0.9461688382653248,-0.027368513917927578,-0.619995075854395,1.7019299826536012
-0.4566009639560552,-0.7397849749929873,-0.37057573789833154,1.2120845004281005,-0.6296614022511002
-0.1279560809680112,-0.6491118287337166,0.8377996965326746,-0.6736449992812199,-0.5130818330058652
-0.197096734683208,-0.6165261667967917,0.3873402150583944,-0.6717583022445688,-0.5130818330058652
-0.47250825650349615,0.13152728984219086,0.19786122681921303,-0.3494717469068702,-0.8628205407415703
-0.41051345075302825,-1.3716634629872786,1.1309558670159365,0.029270588989083413,-0.6296614022511002
-0.45740798027249213,-0.35159056757048524,-0.3312499101505768,0.2054590661040488,-0.6296614022511002
-0.4580789298844135,-0.19291256161676168,0.14781017332207058,-0.5245959333857756,-0.3965022637606301
0.7812557144706799,-1.254071726432288,0.9665024055253265,-0.6698716052079174,1.7019299826536012
1.3321084738283342,-1.808027979360019,1.0237036095220602,-0.9890620423316244,1.7019299826536012
-0.46862175350670227,-0.5371871638199299,-0.005918062419152015,-0.21972504300178036,-0.5130818330058652
-0.45652745665591465,-0.2028299369888702,-2.2081644162934118,0.9222588094902212,-0.7462409714963353
-0.44768781281773395,-0.18441195415495473,-0.9282874768664883,0.06332788934299202,-0.6296614022511002
0.287416468290138,-1.9015346614398916,1.1309558670159365,-1.2007107483662134,1.7019299826536012
-0.47027488576731036,0.2817046883341075,-1.6897785050730099,1.4514047630002402,-0.6296614022511002
-0.39412445079190017,1.640385114312864,-0.5636298013873088,-0.4559491873599285,-0.5130818330058652
0.43220864573085477,-0.09940587953688916,-0.1310456961620077,-0.18881223770895705,1.7019299826536012
0.849498640733096,0.05077151895502749,0.6340204072943095,-0.8523006955979597,1.7019299826536012
-0.4683543120529993,2.058331647851689,0.5339183003000251,-0.5193228570525711,-0.7462409714963353
-0.46566425766487646,-1.0033038063089923,0.766298191536757,-0.39988042157842263,-0.7462409714963353
-0.268639669526403,-0.3487570317498834,1.1309558670159365,-0.9952059019125143,-0.5130818330058652
0.18780469268901148,-0.2835857078760323,0.4624167953041076,-0.6315087654626765,1.7019299826536012
-0.42550893998170414,-0.2892527795172373,-1.196418120601179,2.0516646817378814,-0.279922694515395
-0.47300403978316763,0.45030006965993835,-1.6075517743277048,0.6299658993505669,-0.6296614022511002
-0.45180265764049643,-0.4904338227799931,0.895000900529409,1.4532430831897978,-0.16334312527015993
-0.45294749474055807,0.17119679133062113,-0.6887574351301645,1.9408817018934907,-0.279922694515395
-0.2557868398975691,0.28028792042380596,1.1309558670159365,-0.9910454930624628,-0.5130818330058652
-0.4699605247603262,1.0325916807936921,-2.086611857800352,1.9415106009057075,-0.5130818330058652
-0.43895295598188133,-1.2937412279207183,0.9629273302755303,0.994388688506809,-0.7462409714963353
-0.4062515913299846,1.5582125755154004,0.3051134843130893,-0.06917629484643396,-0.16334312527015993
-0.46894393443923327,0.2519525622177845,-0.8567859718705707,2.408008537429488,-0.9794001099868055
-0.29208380631591624,0.019602624928402902,1.0487291362706315,-0.7466940383925866,-0.6296614022511002
-0.4550635665935408,-1.215818992854158,0.8699753737808377,-0.9644382271609717,-0.6296614022511002
-0.03786741069786179,-0.7794544764814189,-1.0033640571122018,0.13729608854913763,1.7019299826536012
-0.47416138876410424,-0.1433256847562229,-1.4109226355889315,-0.07188539828367661,-0.6296614022511002
0.6792995251906021,-0.984885823475078,1.0558792867702234,-1.1415942412178095,1.7019299826536012
-0.46576435271187633,0.2392016510250741,-1.7827304615677027,1.1491462223593003,-0.3965022637606301
-0.44288012259151893,0.13152728984219086,0.6089948805457388,-0.5320459678381931,-0.5130818330058652
0.233873438070726,-3.8977606470541444,0.6983717617906358,-1.064916938574421,1.7019299826536012
0.9803979384472455,-0.18016165042405252,1.0844798887685902,-0.7512414620193869,1.7019299826536012
-0.3560101336764608,-0.4564313929327666,0.4767170963032913,0.21450553651055576,-0.6296614022511002
-0.46618037275096974,0.24061841893537567,-1.2965202275954635,0.15761436432845807,-0.6296614022511002
-0.47724087544446125,1.0991797725778434,-1.7005037308223976,1.6897091117834138,-0.9794001099868055
-0.14161123495795383,-0.9693013764617657,1.1309558670159365,-1.1116489728668584,-0.5130818330058652
-0.47036559690365404,1.086428861385133,-0.18824690015874176,-0.19350479187703826,-0.8628205407415703
0.7474001288080654,-0.14615922057682604,-0.10602016941343645,-0.4117327491163595,1.7019299826536012
-0.4268164315331407,2.7412137806168206,0.07273359307635736,-0.07865815687678357,-0.16334312527015993
0.16216941276126565,-1.1959842421099423,1.1309558670159365,-1.1623479086209725,-0.5130818330058652
-0.45605044119755567,-0.1985796332579667,0.9915279322738972,1.0333320504171732,-0.5130818330058652
0.12342950160207662,0.11735961073917889,0.8091990945343077,-0.6333954624993279,1.7019299826536012
-0.4691550724289987,0.9405017666241199,0.8091990945343077,-0.7967640751344837,-0.9794001099868055
-0.47438973059007283,1.2366062598770498,-0.2597484051546593,0.5575941360985112,-0.8628205407415703
-0.4681416100781245,0.029520000300511412,-1.829206439815049,0.6773268326552212,-0.6296614022511002
5.411607233118946,-0.1560765959489333,0.369464838809415,-0.9441199513816512,1.7019299826536012
-0.4412598340182077,-0.41534512353403474,-0.10959524466323263,-0.679885612556297,-0.3965022637606301
-0.47180915515960603,-0.7440352787238907,-1.3322709800934223,1.3531030097060037,-0.6296614022511002
-0.46732833782125016,-0.6066087914246833,-1.7827304615677027,3.335973218379314,-0.6296614022511002
0.4081185830911701,0.5253887689058967,1.0165534590224685,-1.1890035513695572,1.7019299826536012
-0.45872641971969425,0.6486475771020922,-2.3404422005358594,0.9222588094902212,-0.7462409714963353
-0.4757331937990249,0.2887885278856129,-1.453823538586482,2.2837767940930713,-0.6296614022511002
-0.4655407028412359,-0.6207764705276952,-1.135641841354649,0.33288368134864466,-0.5130818330058652
-0.47649798251750874,2.214176117984811,-1.3000953028452593,0.8871855953473461,-0.6296614022511002
0.37232834784826013,0.4857192674174664,1.0666045125196109,-0.7059607331397583,1.7019299826536012
-0.06647269834830855,-1.897284357708988,-1.0927409383570987,-0.6265259502120337,-0.6296614022511002
-0.47340441997116733,1.008506626318573,-1.8792574933121915,0.767549652484823,-0.7462409714963353
-0.3748858699614931,1.4462879106016135,1.1309558670159365,-0.9287844908529735,-0.5130818330058652
-0.45530442030038437,-0.8092066025977418,-0.07741956741506954,1.6500884740137387,-0.16334312527015993
-0.44865122764510823,0.16836325551001924,-1.918583321059946,0.7747094258546788,-0.5130818330058652
-0.39723990912977275,0.45171683757023995,0.29081318331390565,0.16133938155466676,-0.16334312527015993
-0.4617777546680825,-0.16599397132104055,-0.4992784468909831,-0.5015201773221187,-0.5130818330058652
1.2553950042135495,0.14002789730399653,1.1309558670159365,-0.946055025265396,1.7019299826536012
-0.4538280183571355,-0.49751766233149847,-1.8184812140656614,0.7124968004922834,-0.6296614022511002
-0.4550447987722283,-0.4125115877134329,0.5088927735514539,-0.5162267388385795,-0.3965022637606301
0.27395212048353895,0.5508905912913162,0.7734483420363489,-0.5887436326319162,1.7019299826536012
-0.476407271381165,0.41346410399211,-1.7720052358183151,1.1635141459461056,-0.9794001099868055
-0.45206384315376186,-0.4365966421885521,0.6268702567947182,1.3437179013698415,-0.5130818330058652
-0.051069009006086026,-1.0132211816810994,0.9486270292763471,-1.107246679781339,-0.5130818330058652
-0.4722251751986995,0.5877265569591459,-1.2464691740983211,0.7673561450964486,-0.6296614022511002
-0.47155109761655933,-0.23824913474639697,-1.2929451523456674,0.9961302550021791,-0.6296614022511002
-0.47187484253419976,-0.2793354041451288,-0.19182197540853768,1.4514047630002402,-0.6296614022511002
-0.43958949792139645,-0.6448615250028132,1.0666045125196109,-1.0381161652845554,-0.6296614022511002
-0.452223369634918,-0.46209846457397163,0.7162471380396151,-0.8812300501599448,-0.8628205407415703
-0.4663414632172353,0.665648792025706,-0.9747634551138346,-0.012527006899804459,-0.5130818330058652
-0.47359522615451094,0.9716706606507445,-0.8067349183734286,1.0873689886207472,-0.7462409714963353
-0.24463562606773392,-1.286657388369213,1.1309558670159365,-1.0753663375466433,-0.5130818330058652
-0.37595876374652354,0.7506548666437717,1.1309558670159365,-0.8726189713772804,-0.5130818330058652
0.18171766264332864,-0.7213669921590731,0.7376975895383902,-0.9238984292965179,1.7019299826536012
-0.4730525233215582,-0.03140101984243619,-1.807755988316274,1.3531030097060037,-0.6296614022511002
0.06471437262596552,3.4963510768073074,0.519617999300842,-0.9238984292965179,1.7019299826536012
3.438514898835151,-0.4606816966636701,1.1309558670159365,-1.0767208892652644,1.7019299826536012
-0.4644803209370804,-0.5556051466538442,-0.24544810415547583,0.04983074900387204,-0.7462409714963353
-0.4488279579624675,0.5749756457664355,-1.8184812140656614,1.9408817018934907,-0.279922694515395
-0.4607783681831926,0.6642320241154045,0.10490927032451995,-0.46364110604781406,-0.5130818330058652
-0.4678585287733279,1.1827690792856087,-0.5064285973905747,1.0873689886207472,-0.7462409714963353
-0.4698964013708419,2.1518383299315627,-0.52787904888935,-0.29766014366960286,-0.7462409714963353
-0.4746806318204163,0.5438067517398109,-0.4277769418950656,0.9276770163647065,-0.5130818330058652
-0.4764182192769306,0.7138189009759432,-0.9962139066126099,2.1819435309610005,-0.5130818330058652
-0.4318696674215274,-0.6462782929131148,-0.9390127026158758,0.29727832188774017,-0.7462409714963353
-0.4698275860260295,-0.11357355863989987,-0.524303973639554,0.5803312542325125,-0.5130818330058652
-0.46256443917809753,0.06493919805803822,-0.5529045756379213,1.5582208413829537,-0.3965022637606301
-0.45898447726274094,0.345459244297657,-1.4037724850893398,0.3638932403356552,-0.5130818330058652
-0.44468965336306443,-0.715699920517868,-0.5207288983897584,-0.07831951894712816,-0.6296614022511002
-0.4634183750478156,-0.6675298115676309,-0.24902317940527177,-0.2112107179133033,-0.5130818330058652
-0.46484942142289265,-0.42526249890614326,-0.06311926641588635,0.8446623467520541,-0.5130818330058652
0.6735471879583252,-0.1688275071416437,0.34801438731063944,-0.9089499835445892,1.7019299826536012
-0.4518480132086683,-0.8927959093055058,-1.2357439483489336,0.6220804732743067,-0.7462409714963353
-0.46301799485981593,0.9490023740859268,-1.8113310635660695,0.8113790759516432,-0.279922694515395
-0.47124299255001273,-0.39976067652072245,0.44454141905512823,-0.6334922161935151,-0.9794001099868055
1.6973771961225843,-0.14757598848712636,0.9522021045261427,-0.7703019397742733,1.7019299826536012
-0.45887343431997535,0.6373134338196834,-0.8925367243685295,2.0155755538060403,-0.16334312527015993
-0.44348538482884664,0.09185778835375934,0.9271765777775716,1.225001118602097,-0.5130818330058652
0.15294346460106953,-0.11782386237080335,0.7984738687849202,-0.3459886139161295,1.7019299826536012
-0.4732370735644643,-0.3983439086104221,-1.6111268495775006,1.3672290490573407,-0.9794001099868055
2.463354543289495,-2.386069286762868,1.1309558670159365,-1.093604408900938,1.7019299826536012
1.3687682847920561,0.7251530442583521,0.29081318331390565,-0.9774515990291556,1.7019299826536012
0.5439944814233468,0.997172483036164,1.0415789857710396,-1.2636490264350135,1.7019299826536012
1.7631114902695653,-0.11782386237080335,0.7019468370404314,-0.9014031953979844,1.7019299826536012
-0.4696883913512952,0.45030006965993835,-0.4385021676444531,0.3014871075848852,-0.7462409714963353
-0.4628866201106286,0.5707253420355319,0.4731420210534951,-0.5500421549570199,-0.3965022637606301
-0.35577553591005473,0.994338947215562,0.5803942785473715,-0.8135024642288764,-0.5130818330058652
-0.4758770804290873,1.1657678643619949,-1.947183923058313,1.857141379574434,-0.7462409714963353
-0.4602857128737399,-0.4295128026370455,0.519617999300842,1.1669489020897528,-0.5130818330058652
-0.44575472722254794,0.7081518293347395,-1.2929451523456674,0.13845713287938438,-0.5130818330058652
-0.38053498417655124,-0.6774471869397394,-0.42420186664526965,0.3309486074648996,-0.6296614022511002
0.23169167884314962,0.12160991447008235,0.7019468370404314,-0.6271064723771571,1.7019299826536012
-0.46902056970959255,-0.5867740406804688,-0.5743550271366966,2.031394782805654,-0.7462409714963353
-0.46792890810324966,1.5638796471566054,-0.20969735165751707,-0.15446467627248656,-0.8628205407415703
-0.4690377735457957,-0.48760028695939117,-0.35270036164935215,0.48265839995049303,-0.5130818330058652
0.26460574546992116,0.30153943907832326,0.6483207082934933,-0.6669689943823003,1.7019299826536012
5.519506565814644,-1.2172357607644584,1.1309558670159365,-1.1247107215821357,1.7019299826536012
2.414433089068283,-3.0802855628104084,1.1309558670159365,-1.295287484434241,1.7019299826536012
-0.45823532839535086,-0.6236100063482971,0.1692606248208456,-0.6467958491442606,-0.3965022637606301
-0.42401220623203345,-0.48193321531818617,0.2979633338134975,-0.3444405548091336,-0.6296614022511002
-0.4551386378787907,-0.6462782929131148,1.0237036095220602,-0.9046928210003506,-0.8628205407415703
-0.44621141087448507,-1.7272722084728556,1.059454362020019,-0.9636158207603801,-0.6296614022511002
1.7631114902695653,-2.0290437733669906,1.1309558670159365,-1.0763822513356092,1.7019299826536012
0.41409300620897793,0.6203122188960708,0.23361197931717181,-0.23356082127055577,1.7019299826536012
-0.44809914090149927,-0.09515557580598569,-2.2224647172925955,0.7124968004922834,-0.6296614022511002
-0.45689655714172694,-1.0486403794386274,0.7198222132894108,-0.589420908491227,-0.5130818330058652
0.31743716246456793,-0.021483644470328942,0.8377996965326746,-0.6996717430175877,1.7019299826536012
-0.47293522443835523,-0.014399804918823582,-1.2929451523456674,0.7673561450964486,-0.6296614022511002
0.4075539844666861,-0.13199154147381406,1.1309558670159365,-0.875473205355804,1.7019299826536012
-0.4678679126839841,-0.626443542168899,0.04770806632778613,-0.7531281590560382,-0.8628205407415703
-0.47008877153929485,0.4304653189157226,-0.3670006626485356,-0.2150324888336992,-0.279922694515395
1.7767338005722109,0.21086629281905264,0.8914258252796128,-0.8765374959918635,1.7019299826536012
-0.44280035935094086,-0.39976067652072245,0.6125699557955345,0.9070201026557306,-0.7462409714963353
-0.4593754735400844,-0.5655225220259514,0.8771255242804296,-0.7068315163874433,-0.3965022637606301
3.0554949455495084,-1.859031624130858,0.7555729657873695,-1.1107781896191733,1.7019299826536012
-0.4439186087041432,-0.311921066082055,0.9665024055253265,-0.6126901719432583,-0.3965022637606301
-0.4606657612553178,-0.21133054445067587,0.04413299107798995,-0.15446467627248656,-0.8628205407415703
-0.4594693126466468,-0.3445067280189799,-1.0140892828615893,0.9222588094902212,-0.7462409714963353
-0.45155242002299667,-0.857376711547979,-0.5135787478901666,-0.693140868659949,-0.3965022637606301
-0.4663086195299384,-0.05548607431755542,-2.229614867792187,0.21140941829656396,-0.5130818330058652
0.733779382490529,-0.0158165728291239,0.5482186012992089,-0.49895620442615685,1.7019299826536012
-0.4759849954016341,0.5891433248694462,-1.1535172176036284,4.0210861269191644,-0.5130818330058652
-0.4392469851824436,-0.7497023503650946,0.15496032382166242,0.26143107819136724,-0.6296614022511002
-0.4698056902344982,0.9844215718434536,0.6411705577939014,-0.19002165888629755,-0.8628205407415703
0.610212046969124,-0.8488761040861721,1.0237036095220602,-0.9133522766301085,1.7019299826536012
-0.3986083961004748,1.4817071083591404,0.11563449607390748,0.16133938155466676,-0.16334312527015993
